Book Id,Title,Author,Author l-f,Additional Authors,ISBN,ISBN13,My Rating,Average Rating,Publisher,Binding,Number of Pages,Year Published,Original Publication Year,Date Read,Date Added,Bookshelves,Bookshelves with positions,Exclusive Shelf,My Review,Spoiler,Private Notes,Read Count,Owned Copies
127305713,"Heartless Hunter (The Crimson Moth, #1)",Kristen Ciccarelli,"Ciccarelli, Kristen",,"=""1250866901""","=""9781250866905""",0,4.25,Wednesday Books,Hardcover,416,2024,2024,,2024/05/08,"to-read, fantasy","to-read (#116), fantasy (#71)",to-read,,,,0,0
115821328,Una familia casi perfecta,Jane Shemilt,"Shemilt, Jane",,"=""8412614577""","=""""",0,3.46,Newton Compton Editores,Kindle Edition,378,2023,2014,,2024/05/04,"to-read, thriller","to-read (#113), thriller (#26)",to-read,,,,0,0
54304221,How to Not Die Alone: The Surprising Science That Will Help You Find Love,Logan Ury,"Ury, Logan",,"=""1982120622""","=""9781982120627""",0,4.02,Simon & Schuster,Hardcover,352,2021,2021,,2022/05/08,"to-read, desarrollo","to-read (#5), desarrollo (#7)",to-read,,,,0,0
127609209,Corazón en fuera de juego,Nira Strauss,"Strauss, Nira",,"=""8408270591""","=""9788408270591""",0,3.98,Esencia,Paperback,400,2023,,,2024/01/11,"to-read, young-adult","to-read (#28), young-adult (#15)",to-read,,,,0,0
49392936,"Bookish and the Beast (Once Upon a Con, #3)",Ashley Poston,"Poston, Ashley",,"=""1683691938""","=""9781683691938""",0,3.78,Quirk Books,Hardcover,288,2020,2020,,2024/01/11,"to-read, young-adult","to-read (#29), young-adult (#14)",to-read,,,,0,0
203840597,"Powerful (The Powerless Trilogy, #1.5)",Lauren  Roberts,"Roberts, Lauren",,"=""""","=""""",0,4.30,Simon & Schuster Children's UK,Kindle Edition,192,2024,2024,,2024/04/23,"to-read, fantasy","to-read (#90), fantasy (#69)",to-read,,,,0,0
1099260,"Panteón (Memorias de Idhún, #3)",Laura Gallego,"Gallego, Laura",,"=""8467511486""","=""9788467511482""",0,4.09,SM,Hardcover,942,2006,2006,,2023/10/29,,,read,,,,1,0
68427,"Elantris (Elantris, #1)",Brandon Sanderson,"Sanderson, Brandon",,"=""0765350378""","=""9780765350374""",0,4.18,Tor Fantasy,Mass Market Paperback,638,2006,2005,,2024/01/23,,,read,,,,1,0
57933338,Violeta,Isabel Allende,"Allende, Isabel",Frances Riddle,"=""0593496205""","=""9780593496206""",0,4.03,Ballantine Books,Paperback,322,2022,2022,,2024/04/24,"historica, fisico, currently-reading","historica (#4), fisico (#3), currently-reading (#8)",currently-reading,,,,1,0
203141726,Keeping 13 (Los chicos de Tommen #2),Chloe Walsh,"Walsh, Chloe",Lorena Castell García,"=""8419746991""","=""9788419746993""",5,4.53,Montena,Paperback,704,2024,2018,2024/05/07,2024/03/18,young-adult,young-adult (#5),read,,,,1,0
30055560,El aliento de los dioses,Brandon Sanderson,"Sanderson, Brandon","Manuel de los Reyes, Rafael Marín Trechera","=""8466658874""","=""9788466658874""",4,4.30,Ediciones B/Nova,Hardcover,720,2016,2009,2024/05/06,2024/01/31,,,read,"4.5/5 ⭐️⭐️⭐️⭐️✨<br/><br/><br/>Me ha gustado muchisimo! Es cierto que al principio se me hizo un poco denso por la construcción del mundo y de la magia, pero una vez superada esa parte, he devorado el libro.",,,1,0
40846670,"Cielo infinito (El piso mil, #3)",Katharine McGee,"McGee, Katharine",,"=""8427213425""","=""9788427213425""",0,3.95,RBA Molino,Mass Market Paperback,544,2018,2018,,2024/05/04,"to-read, distopia","to-read (#115), distopia (#2)",to-read,,,,0,0
205147620,Una tormenta de té,Hafsah Faizal,"Faizal, Hafsah",Eva González,"=""8410163152""","=""9788410163157""",0,3.67,Editorial Hidra,Paperback,408,2024,2024,,2024/05/04,"to-read, fantasy","to-read (#114), fantasy (#70)",to-read,,,,0,0
44154465,"La quinta víctima (4MK Thriller, #2)",J.D. Barker,"Barker, J.D.",,"=""8423355683""","=""9788423355686""",0,4.33,Destino,Paperback,608,2019,2018,,2024/05/04,currently-reading,currently-reading (#7),currently-reading,,,,1,0
63910262,"Two Twisted Crowns (The Shepherd King, #2)",Rachel Gillig,"Gillig, Rachel",,"=""0356519503""","=""9780356519500""",5,4.47,Orbit,Paperback,437,2023,2023,2024/05/01,2024/04/24,"fisico, fantasy","fisico (#4), fantasy (#43)",read,,,,1,0
199485796,Binding 13,Chloe Walsh,"Walsh, Chloe",Lorena Castell García,"=""8419357375""","=""9788419357373""",3,4.45,Montena,Paperback,656,2024,2018,2024/04/30,2024/04/24,young-adult,young-adult (#1),read,,,,1,0
204624472,"The Veiled Kingdom (The Veiled Kingdom, #1)",Holly Renee,"Renee, Holly",,"=""""","=""""",0,4.05,,Kindle Edition,364,2024,,,2024/04/28,"to-read, fantasy","to-read (#112), fantasy (#68)",to-read,,,,0,0
79331661,"La guía del mago frugal para sobrevivir en la Inglaterra del Medievo (Novela Secreta, #2)",Brandon Sanderson,"Sanderson, Brandon","Manu Viciano, Steve Argyle","=""8418037903""","=""9788418037900""",3,3.77,Nova,Hardcover,448,2023,2023,2024/04/27,2024/04/24,"fisico, fantasy","fisico (#2), fantasy (#42)",read,,,,1,0
62335396,"The Ashes & the Star-Cursed King (Crowns of Nyaxia, #2)",Carissa Broadbent,"Broadbent, Carissa",,"=""""","=""""",0,4.16,,Kindle Edition,665,2023,2023,,2024/04/27,"to-read, fantasy","to-read (#111), fantasy (#67)",to-read,,,,0,0
28698036,"Secret History (Mistborn, #3.5)",Brandon Sanderson,"Sanderson, Brandon",,"=""""","=""""",0,4.35,"Dragonsteel, LLC",Kindle Edition,160,2016,2016,,2024/04/24,"fantasy, to-read","fantasy (#66), to-read (#110)",to-read,,,,0,0
23947089,"The Lost Metal (Mistborn, #7)",Brandon Sanderson,"Sanderson, Brandon",,"=""0765391198""","=""9780765391193""",0,4.48,Tor Books,Hardcover,507,2022,2022,,2024/04/24,"to-read, fantasy","to-read (#109), fantasy (#65)",to-read,,,,0,0
34703445,"Edgedancer (The Stormlight Archive, #2.5)",Brandon Sanderson,"Sanderson, Brandon",,"=""1250166543""","=""9781250166548""",0,4.21,Tor Books,Hardcover,272,2017,2016,,2024/04/24,"to-read, fantasy","to-read (#108), fantasy (#64)",to-read,,,,0,0
13578175,The Emperor's Soul (The Cosmere),Brandon Sanderson,"Sanderson, Brandon",,"=""1616960922""","=""9781616960926""",0,4.38,Tachyon Publications,Paperback,192,2012,2012,,2024/04/24,"to-read, fantasy","to-read (#107), fantasy (#63)",to-read,,,,0,0
54511226,"Dawnshard (The Stormlight Archive, #3.5)",Brandon Sanderson,"Sanderson, Brandon",,"=""193857026X""","=""""",0,4.43,Dragonsteel Entertainment,Kindle Edition,171,2020,2020,,2024/04/24,"to-read, fantasy","to-read (#106), fantasy (#62)",to-read,,,,0,0
16065004,"Shadows of Self (Mistborn, #5)",Brandon Sanderson,"Sanderson, Brandon",,"=""0765378558""","=""9780765378552""",0,4.28,Tor Books,Hardcover,383,2015,2015,,2024/04/24,"fantasy, to-read","fantasy (#61), to-read (#105)",to-read,,,,0,0
34002132,"Oathbringer (The Stormlight Archive, #3)",Brandon Sanderson,"Sanderson, Brandon",,"=""076532637X""","=""9780765326379""",0,4.62,Tor Books,Hardcover,1243,2017,2017,,2024/04/24,"to-read, fantasy","to-read (#104), fantasy (#60)",to-read,,,,0,0
10803121,"The Alloy of Law (Mistborn, #4)",Brandon Sanderson,"Sanderson, Brandon",,"=""0765330423""","=""9780765330420""",0,4.20,Tor Books,Hardcover,332,2011,2011,,2024/04/24,"fantasy, to-read","fantasy (#59), to-read (#103)",to-read,,,,0,0
21812055,Words of Radiance: The Stormlight Archive by Brandon Sanderson -- Sidekick,BookBuddy,"BookBuddy, BookBuddy",,"=""1497420822""","=""9781497420823""",0,4.80,Createspace,Paperback,62,2014,2014,,2024/04/24,"to-read, fantasy","to-read (#102), fantasy (#58)",to-read,,,,0,0
58724626,"What Moves the Dead (Sworn Soldier, #1)",T. Kingfisher,"Kingfisher, T.",,"=""1250830753""","=""9781250830753""",0,3.90,Tor Nightfire,Hardcover,165,2022,2022,,2024/02/10,"to-read, fantasy","to-read (#59), fantasy (#57)",to-read,,,,0,0
34043643,"The Last Mrs. Parrish (Mrs. Parrish, #1)",Liv Constantine,"Constantine, Liv",,"=""0062688162""","=""9780062688163""",0,3.97,Harper Large Print,Paperback,560,2017,2017,,2024/02/10,"to-read, fantasy","to-read (#60), fantasy (#56)",to-read,,,,0,0
43606308,"Defiant (Skyward, #4)",Brandon Sanderson,"Sanderson, Brandon",,"=""0593309715""","=""9780593309711""",0,4.35,Delacorte Press,Hardcover,420,2023,2023,,2024/02/15,"to-read, fantasy","to-read (#65), fantasy (#55)",to-read,,,,0,0
60176295,"La princesa de invierno (Hielo y Traición, #1)",Paula Gallego,"Gallego, Paula",,"=""8419147087""","=""9788419147080""",0,4.17,Kiwi,Paperback,686,2022,2022,,2024/02/19,"to-read, fantasy","to-read (#66), fantasy (#54)",to-read,,,,0,0
58627455,"To Snap a Silver Stem (Crystal Bloom, #2)",Sarah A. Parker,"Parker, Sarah A.",,"=""""","=""""",0,3.84,,Kindle Edition,538,2022,2022,,2024/02/24,"to-read, fantasy","to-read (#67), fantasy (#53)",to-read,,,,0,0
61913327,"To Flame a Wild Flower (Crystal Bloom, #3)",Sarah A. Parker,"Parker, Sarah A.",,"=""""","=""""",0,4.16,,Kindle Edition,591,2023,2023,,2024/02/24,"to-read, fantasy","to-read (#68), fantasy (#52)",to-read,,,,0,0
205823430,"Todos los ángeles del Infierno (La caída del Cielo, #1)",Miriam Mosquera,"Mosquera, Miriam",,"=""8419988103""","=""9788419988102""",0,4.15,Faeris Editorial,Paperback,400,2024,2024,,2024/03/03,"to-read, fantasy","to-read (#69), fantasy (#51)",to-read,,,,0,0
177330162,No te olvidaré (Reminders of Him),Colleen Hoover,"Hoover, Colleen",Lara Agnelli,"=""8408277170""","=""9788408277170""",0,4.38,Editorial Planeta,Paperback,416,2023,2022,,2024/03/10,"to-read, young-adult","to-read (#71), young-adult (#13)",to-read,,,,0,0
60041932,My Roommate Is a Vampire,Jenna Levine,"Levine, Jenna",,"=""0593548914""","=""9780593548912""",0,3.48,Berkley,Paperback,341,2023,2023,,2024/03/10,"to-read, young-adult","to-read (#72), young-adult (#12)",to-read,,,,0,0
195694616,Imperfectas navidades,Cherry Chic,"Chic, Cherry",,"=""8418798572""","=""9788418798573""",0,3.73,Montena,Paperback,344,2024,2023,,2024/03/10,"to-read, young-adult","to-read (#73), young-adult (#11)",to-read,,,,0,0
205633120,El experimento del amor verdadero,Christina Lauren,"Lauren, Christina",Beatriz Villena,"=""8419822000""","=""9788419822000""",0,4.13,Contraluz Editorial,Paperback,512,2024,2023,,2024/03/10,"to-read, young-adult","to-read (#74), young-adult (#10)",to-read,,,,0,0
139391940,"The Pumpkin Spice Café (Dream Harbor, #1)",Laurie Gilmore,"Gilmore, Laurie",,"=""0008610665""","=""9780008610661""",0,3.44,One More Chapter,Kindle Edition,267,2023,2023,,2024/03/10,"to-read, thriller","to-read (#75), thriller (#25)",to-read,,,,0,0
204453919,Vértigo,Cristina Mellado,"Mellado, Cristina",,"=""8427052154""","=""9788427052154""",0,3.95,Ediciones Martínez Roca,Paperback,392,2024,,,2024/03/10,"to-read, young-adult","to-read (#76), young-adult (#9)",to-read,,,,0,0
202748310,Todos los lugares que mantuvimos en secreto,Inma Rubiales,"Rubiales, Inma",,"=""8408283464""","=""9788408283461""",0,4.53,Editorial Planeta,Paperback,592,2024,,,2024/03/10,"to-read, young-adult","to-read (#77), young-adult (#8)",to-read,,,,0,0
209559403,Donde no puedas encontrarme (Matchstories Romántica Contemporánea) (Spanish Edition),Tamara Molina,"Molina, Tamara",,"=""8408289276""","=""9788408289272""",0,4.33,Esencia,Kindle Edition,544,2024,,,2024/03/10,"to-read, young-adult","to-read (#78), young-adult (#7)",to-read,,,,0,0
200144551,Amor y otras palabras,Christina Lauren,"Lauren, Christina",,"=""""","=""""",0,4.27,VR Europa,Paperback,408,2023,2018,,2024/03/10,"to-read, young-adult","to-read (#79), young-adult (#6)",to-read,,,,0,0
127305900,A Fragile Enchantment,Allison Saft,"Saft, Allison",,"=""125089283X""","=""9781250892836""",0,3.57,Wednesday Books,Hardcover,373,2024,2024,,2024/03/12,"to-read, fantasy","to-read (#81), fantasy (#50)",to-read,,,,0,0
201122545,El Príncipe de Hielo,María José Tirado,"Tirado, María José",,"=""8408280252""","=""9788408280255""",0,3.81,Esencia,Paperback,544,2024,,,2024/03/13,"to-read, fantasy","to-read (#82), fantasy (#49)",to-read,,,,0,0
184213793,"Nunca, nunca",Colleen Hoover,"Hoover, Colleen","Tarryn Fisher, Iria Rebolo","=""8408278584""","=""9788408278580""",0,3.32,Booket,Hardcover,400,2023,2016,,2024/03/13,"to-read, thriller","to-read (#83), thriller (#24)",to-read,,,,0,0
77745584,Hopeless,Colleen Hoover,"Hoover, Colleen",Maialen Garagarza Urkia,"=""8466371230""","=""9788466371230""",0,4.25,"DeBolsillo, Planeta de libros",Mass Market Paperback,400,2023,2012,,2024/03/13,"to-read, thriller","to-read (#84), thriller (#23)",to-read,,,,0,0
197711507,Puntuando el amor,Cristina Prieto Solano,"Solano, Cristina Prieto",,"=""8418945494""","=""9788418945496""",0,3.36,Contraluz Editorial,Kindle Edition,308,2023,2023,,2024/03/18,"to-read, young-adult","to-read (#85), young-adult (#4)",to-read,,,,0,0
196864520,"Butcher & Blackbird (The Ruinous Love Trilogy, #1)",Brynne Weaver,"Weaver, Brynne",,"=""""","=""9798857497074""",0,4.15,Independently Published,Paperback,360,2023,2023,,2024/04/23,"to-read, young-adult","to-read (#91), young-adult (#3)",to-read,,,,0,0
59708201,"El libro negro de las horas (Kraken, #1)",Eva García Sáenz de Urturi,"Urturi, Eva García Sáenz de",,"=""8408252852""","=""9788408252856""",0,4.04,Planeta,Hardcover,384,2022,2022,,2024/03/29,"to-read, historica","to-read (#86), historica (#8)",to-read,,,,0,0
193743782,Furia y sangre escarlata: ¿Hasta dónde llegarías por amor? (Spanish Edition),Dámaris Blanca,"Blanca, Dámaris",,"=""""","=""""",0,4.14,,Kindle Edition,335,2023,,,2024/04/18,"to-read, fantasy","to-read (#87), fantasy (#48)",to-read,,,,0,0
41743646,Tú no matarás (Spanish Edition),Julia Navarro,"Navarro, Julia",,"=""8401021170""","=""""",0,3.93,Plaza & Janés,Kindle Edition,1176,2018,2018,,2024/04/20,"to-read, historica","to-read (#88), historica (#7)",to-read,,,,0,0
68223,La biblia de barro,Julia Navarro,"Navarro, Julia",,"=""0307350207""","=""9780307350206""",0,3.66,Plaza y Janes,Paperback,768,2006,2005,,2024/04/20,"to-read, historica","to-read (#89), historica (#6)",to-read,,,,0,0
58784475,"Tomorrow, and Tomorrow, and Tomorrow",Gabrielle Zevin,"Zevin, Gabrielle",,"=""""","=""""",0,4.17,Knopf,Hardcover,401,2022,2022,,2024/02/10,"to-read, young-adult","to-read (#50), young-adult (#2)",to-read,,,,0,0
58065033,Lessons in Chemistry,Bonnie Garmus,"Garmus, Bonnie",,"=""""","=""""",0,4.30,Doubleday Books,Hardcover,390,2022,2022,,2024/02/10,"to-read, historica","to-read (#49), historica (#5)",to-read,,,,0,0
52578297,The Midnight Library,Matt Haig,"Haig, Matt",,"=""""","=""""",0,4.00,Viking,Hardcover,288,2020,2020,,2024/02/10,"to-read, fantasy","to-read (#48), fantasy (#47)",to-read,,,,0,0
45047384,"The House in the Cerulean Sea (The House in the Cerulean Sea, #1)",T.J. Klune,"Klune, T.J.",,"=""""","=""""",0,4.41,Tor Books,Kindle Edition,394,2020,2020,,2024/02/10,"to-read, fantasy","to-read (#47), fantasy (#46)",to-read,,,,0,0
60556912,"The Housemaid (The Housemaid, #1)",Freida McFadden,"McFadden, Freida",,"=""""","=""""",0,4.33,Bookouture,Kindle Edition,338,2022,2022,,2024/01/31,"to-read, thriller","to-read (#43), thriller (#22)",to-read,,,,0,0
61681786,"Final Offer (Dreamland Billionaires, #3)",Lauren Asher,"Asher, Lauren",,"=""172827222X""","=""9781728272221""",0,4.24,Bloom Books,Paperback,583,2023,2023,,2024/01/25,"to-read, fantasy","to-read (#38), fantasy (#45)",to-read,,,,0,0
90202302,"Iron Flame (The Empyrean, #2)",Rebecca Yarros,"Yarros, Rebecca",,"=""1649374178""","=""9781649374172""",0,4.35,Entangled: Red Tower Books,Hardcover,640,2023,2023,,2024/01/06,"to-read, fantasy, fisico","to-read (#27), fantasy (#27), fisico (#1)",to-read,,,,0,0
23692271,Sapiens: A Brief History of Humankind,Yuval Noah Harari,"Harari, Yuval Noah",,"=""""","=""""",0,4.36,Vintage,Paperback,512,2015,2011,,2021/01/21,"to-read, desarrollo","to-read (#1), desarrollo (#6)",to-read,,,,0,0
55028733,Circe / The Song of Achilles,Madeline Miller,"Miller, Madeline",,"=""9123977485""","=""9789123977482""",3,4.52,Bloomsbury Publishing,Paperback,0,2020,,,2022/05/08,"to-read, fantasy","to-read (#2), fantasy (#21)",to-read,,,,0,0
60531410,The Frugal Wizard’s Handbook for Surviving Medieval England,Brandon Sanderson,"Sanderson, Brandon",Steve Argyle,"=""""","=""9781938570339""",0,3.77,Dragonsteel Entertainment,Hardcover,399,2023,2023,,2024/02/15,"to-read, fantasy","to-read (#64), fantasy (#41)",to-read,,,,0,0
60531420,The Sunlit Man,Brandon Sanderson,"Sanderson, Brandon","Ernanda Souza, Nabetse Zitro, Kudriaken","=""1938570391""","=""9781938570391""",0,4.36,Dragonsteel Entertainment,Hardcover,447,2023,2023,,2024/02/15,"to-read, fantasy","to-read (#63), fantasy (#40)",to-read,,,,0,0
60766189,"A Day of Fallen Night (The Roots of Chaos, #0)",Samantha    Shannon,"Shannon, Samantha",,"=""1635577926""","=""9781635577921""",0,4.38,Bloomsbury Publishing,Hardcover,868,2023,2023,,2024/02/15,"to-read, fantasy","to-read (#62), fantasy (#39)",to-read,,,,0,0
124929243,Un destino de ira y fuego (Destino y Fuego #1),K.A. Tucker,"Tucker, K.A.",Ana H. Deza,"=""8419621080""","=""9788419621085""",0,4.13,TBR,Paperback,640,2023,2021,,2024/02/15,"to-read, fantasy","to-read (#61), fantasy (#38)",to-read,,,,0,0
60018635,The Very Secret Society of Irregular Witches,Sangu Mandanna,"Mandanna, Sangu",,"=""059343935X""","=""9780593439357""",0,4.12,Berkley,Paperback,318,2022,2022,,2024/02/10,"to-read, fantasy","to-read (#58), fantasy (#37)",to-read,,,,0,0
59414094,How to Sell a Haunted House,Grady Hendrix,"Hendrix, Grady",,"=""0593201264""","=""9780593201268""",0,3.70,Berkley,Hardcover,419,2023,2023,,2024/02/10,"to-read, thriller","to-read (#57), thriller (#20)",to-read,,,,0,0
53285047,Bunny,Mona Awad,"Awad, Mona",,"=""0525559752""","=""9780525559757""",0,3.52,Penguin Books,Paperback,305,2020,2019,,2024/02/10,"to-read, thriller","to-read (#56), thriller (#19)",to-read,,,,0,0
55829194,The Final Girl Support Group,Grady Hendrix,"Hendrix, Grady",,"=""059320123X""","=""9780593201237""",0,3.52,Berkley,Hardcover,352,2021,2021,,2024/02/10,"to-read, thriller","to-read (#55), thriller (#18)",to-read,,,,0,0
41015038,My Best Friend's Exorcism,Grady Hendrix,"Hendrix, Grady",,"=""""","=""""",0,3.94,Quirk Books,Kindle Edition,337,2016,2016,,2024/02/10,"to-read, thriller","to-read (#54), thriller (#17)",to-read,,,,0,0
10603,Cujo,Stephen King,"King, Stephen",,"=""0307348245""","=""9780307348241""",0,3.78,Debolsillo,Mass Market Paperback,432,2006,1981,,2024/02/10,"to-read, thriller","to-read (#53), thriller (#16)",to-read,,,,0,0
10614,Misery,Stephen King,"King, Stephen",,"=""0450417395""","=""9780450417399""",0,4.21,New English Library,Paperback,370,1988,1987,,2024/02/10,"to-read, thriller","to-read (#52), thriller (#15)",to-read,,,,0,0
11590,’Salem’s Lot,Stephen King,"King, Stephen",,"=""0450031063""","=""9780450031069""",0,4.06,New English Library,Paperback,483,1991,1975,,2024/02/10,"to-read, thriller","to-read (#51), thriller (#14)",to-read,,,,0,0
61631750,"La sombra de los dioses (Hermanos de sangre, #1)",John Gwynne,"Gwynne, John",Simón Saitó,"=""8445014226""","=""""",0,4.24,Minotauro,Kindle Edition,646,2022,2021,,2024/02/08,"to-read, fantasy","to-read (#46), fantasy (#36)",to-read,,,,0,0
53921926,"The Bridge Kingdom (The Bridge Kingdom, #1)",Danielle L. Jensen,"Jensen, Danielle L.",,"=""""","=""""",0,4.05,CLA,Kindle Edition,356,2020,2018,,2024/02/08,"to-read, fantasy","to-read (#45), fantasy (#35)",to-read,,,,0,0
52439531,"The Inheritance Games (The Inheritance Games, #1)",Jennifer Lynn Barnes,"Barnes, Jennifer Lynn",,"=""1368052401""","=""9781368052405""",0,4.16,"Little, Brown Books for Young Readers",Hardcover,386,2020,2020,,2024/01/31,"to-read, thriller","to-read (#44), thriller (#13)",to-read,,,,0,0
60879779,"Everyone in My Family Has Killed Someone (Ernest Cunningham, #1)",Benjamin   Stevenson,"Stevenson, Benjamin",,"=""0063279029""","=""9780063279025""",0,3.80,Mariner Books,Hardcover,371,2023,2022,,2024/01/31,"to-read, thriller","to-read (#42), thriller (#12)",to-read,,,,0,0
36337550,The 7 1/2 Deaths of Evelyn Hardcastle,Stuart Turton,"Turton, Stuart",,"=""""","=""""",0,3.82,Sourcebooks Landmark,Hardcover,432,2018,2018,,2024/01/31,"to-read, thriller","to-read (#41), thriller (#11)",to-read,,,,0,0
60714999,"The Serpent and the Wings of Night (Crowns of Nyaxia, #1)",Carissa Broadbent,"Broadbent, Carissa",,"=""""","=""""",0,4.33,Independently Published,Kindle Edition,504,2022,2022,,2024/01/31,"to-read, fantasy","to-read (#40), fantasy (#34)",to-read,,,,0,0
50892212,"These Violent Delights (These Violent Delights, #1)",Chloe Gong,"Gong, Chloe",,"=""1534457690""","=""9781534457690""",0,3.84,Margaret K. McElderry Books,Hardcover,449,2020,2020,,2024/01/31,"to-read, fantasy","to-read (#39), fantasy (#33)",to-read,,,,0,0
35796008,"Dance of Thieves (Dance of Thieves, #1)",Mary E. Pearson,"Pearson, Mary E.",,"=""1250159016""","=""9781250159014""",0,4.15,Henry Holt and Co. (BYR),Hardcover,512,2018,2018,,2024/01/25,"to-read, fantasy","to-read (#36), fantasy (#32)",to-read,,,,0,0
41743264,"Reina roja (Antonia Scott, #1)",Juan Gómez-Jurado,"Gómez-Jurado, Juan",Fran Ferriz,"=""8466664416""","=""9788466664417""",0,4.09,Ediciones B,Hardcover,568,2018,2018,,2024/01/25,"to-read, thriller","to-read (#37), thriller (#10)",to-read,,,,0,0
53968496,"The Prison Healer (The Prison Healer, #1)",Lynette Noni,"Noni, Lynette",,"=""0358434556""","=""9780358434559""",0,4.20,Clarion Books,Hardcover,416,2021,2021,,2024/01/25,"to-read, fantasy","to-read (#35), fantasy (#31)",to-read,,,,0,0
59227936,"Belladonna (Belladonna, #1)",Adalyn  Grace,"Grace, Adalyn",,"=""0316158232""","=""9780316158237""",0,4.01,"Little, Brown and Company",Hardcover,409,2022,2022,,2024/01/25,"to-read, fantasy","to-read (#34), fantasy (#30)",to-read,,,,0,0
57945316,Babel,R.F. Kuang,"Kuang, R.F.",,"=""0063021420""","=""9780063021426""",0,4.19,Harper Voyager,Hardcover,544,2022,2022,,2024/01/23,"to-read, fantasy","to-read (#33), fantasy (#29)",to-read,,,,0,0
197763404,Asistente del villano,Hannah Nicole Maehrer,"Maehrer, Hannah Nicole",Nerea Gilabert Giménez,"=""8419988006""","=""9788419988003""",0,3.90,Faeris Editorial,Paperback,464,2023,2023,,2024/01/23,"to-read, fantasy","to-read (#31), fantasy (#28)",to-read,,,,0,0
18068486,La verdad sobre el caso Harry Quebert,Joël Dicker,"Dicker, Joël",Juan Carlos Durán Romero,"=""8420414069""","=""9788420414065""",0,4.18,Alfaguara,Paperback,672,2013,2012,,2024/01/16,"to-read, thriller","to-read (#30), thriller (#9)",to-read,,,,0,0
75513900,"Powerless (The Powerless Trilogy, #1)",Lauren  Roberts,"Roberts, Lauren",,"=""""","=""""",0,4.28,,Kindle Edition,523,2023,2023,,2024/01/02,"to-read, fantasy","to-read (#26), fantasy (#26)",to-read,,,,0,0
52735921,"Kingdom of the Wicked (Kingdom of the Wicked, #1)",Kerri Maniscalco,"Maniscalco, Kerri",,"=""0316428469""","=""9780316428460""",0,3.89,Jimmy Patterson Books,Hardcover,372,2020,2020,,2024/01/02,"to-read, fantasy","to-read (#25), fantasy (#25)",to-read,,,,0,0
40275288,"The Priory of the Orange Tree (The Roots of Chaos, #1)",Samantha    Shannon,"Shannon, Samantha",,"=""""","=""""",0,4.20,Bloomsbury Publishing,Kindle Edition,848,2019,2019,,2023/10/29,"to-read, fantasy","to-read (#24), fantasy (#24)",to-read,,,,0,0
1953,A Tale of Two Cities,Charles Dickens,"Dickens, Charles",Richard Maxwell,"=""0141439602""","=""9780141439600""",0,3.87,Penguin Books,Paperback,489,2003,1859,,2022/05/11,"to-read, historica","to-read (#22), historica (#3)",to-read,,,,0,0
8494151,Sé lo que estás pensando (Dave Gurney #1),John Verdon,"Verdon, John",Javier Guerrero,"=""8499181368""","=""9788499181363""",0,3.88,Roca Editorial,Paperback,430,2010,2010,,2022/05/10,"to-read, thriller","to-read (#21), thriller (#8)",to-read,,,,0,0
17837762,Uzumaki,Junji Ito,"Ito, Junji",,"=""1421561328""","=""9781421561325""",0,4.45,VIZ Media,Hardcover,653,2013,2000,,2022/05/10,"to-read, thriller","to-read (#17), thriller (#6)",to-read,,,,0,0
56783258,Cloud Cuckoo Land,Anthony Doerr,"Doerr, Anthony",,"=""1982168439""","=""9781982168438""",0,4.26,Scribner,Hardcover,626,2021,2021,,2022/05/10,"to-read, historica","to-read (#18), historica (#2)",to-read,,,,0,0
44047222,"Good Girl, Bad Blood (A Good Girl's Guide to Murder, #2)",Holly  Jackson,"Jackson, Holly",,"=""1984896407""","=""9781984896407""",0,4.30,Delacorte Press,Hardcover,401,2021,2020,,2022/05/10,"to-read, thriller","to-read (#20), thriller (#5)",to-read,,,,0,0
56898223,A History of Wild Places,Shea Ernshaw,"Ernshaw, Shea",,"=""1982164808""","=""9781982164805""",0,3.93,Atria Books,Hardcover,354,2021,2021,,2022/05/10,"to-read, thriller","to-read (#19), thriller (#7)",to-read,,,,0,0
43848929,Talking to Strangers: What We Should Know About the People We Don’t Know,Malcolm Gladwell,"Gladwell, Malcolm",,"=""0316478520""","=""9780316478526""",0,4.01,"Little, Brown and Company",Hardcover,388,2019,2019,,2022/05/08,"to-read, desarrollo","to-read (#8), desarrollo (#5)",to-read,,,,0,0
56769585,"You Have More Influence Than You Think: How We Underestimate Our Power of Persuasion, and Why It Matters",Vanessa Bohns,"Bohns, Vanessa",,"=""1324005718""","=""9781324005711""",0,3.86,W. W. Norton & Company,Hardcover,256,2021,,,2022/05/08,"to-read, desarrollo","to-read (#10), desarrollo (#4)",to-read,,,,0,0
48904521,Social Chemistry: Decoding the Elements of Human Connection,Marissa King,"King, Marissa",,"=""1524743801""","=""9781524743802""",0,3.72,Dutton,Hardcover,368,2021,2021,,2022/05/08,"to-read, desarrollo","to-read (#11), desarrollo (#3)",to-read,,,,0,0
53138204,Subtract: The Untapped Science of Less,Leidy Klotz,"Klotz, Leidy",,"=""1250249864""","=""9781250249869""",0,3.46,Flatiron Books,Hardcover,304,2021,,,2022/05/08,"to-read, desarrollo","to-read (#12), desarrollo (#2)",to-read,,,,0,0
368593,The 4-Hour Workweek,Timothy Ferriss,"Ferriss, Timothy",,"=""0307353133""","=""9780307353139""",0,3.92,Harmony,ebook,308,2007,2007,,2022/05/09,"to-read, desarrollo","to-read (#15), desarrollo (#1)",to-read,,,,0,0
13623848,The Song of Achilles,Madeline Miller,"Miller, Madeline",,"=""""","=""""",0,4.33,Ecco,Paperback,408,2012,2011,,2022/05/09,"to-read, fantasy","to-read (#16), fantasy (#23)",to-read,,,,0,0
58261853,De ninguna parte,Julia Navarro,"Navarro, Julia",,"=""8401024935""","=""9788401024931""",0,3.98,Plaza & Janés,Kindle Edition,416,2021,2022,,2022/05/09,"to-read, historica","to-read (#14), historica (#1)",to-read,,,,0,0
55264209,Sistersong,Lucy  Holland,"Holland, Lucy",,"=""1529039037""","=""9781529039030""",0,3.98,Macmillan,Hardcover,416,2021,2021,,2022/05/09,"to-read, fantasy","to-read (#13), fantasy (#22)",to-read,,,,0,0
13079982,Fahrenheit 451,Ray Bradbury,"Bradbury, Ray",,"=""""","=""""",0,3.97,Simon & Schuster,Kindle Edition,194,2011,1953,,2022/05/08,"to-read, distopia","to-read (#9), distopia (#1)",to-read,,,,0,0
46000520,"The Thursday Murder Club (Thursday Murder Club, #1)",Richard Osman,"Osman, Richard",,"=""""","=""""",0,3.89,Penguin,Kindle Edition,382,2020,2020,,2022/05/08,"to-read, thriller","to-read (#7), thriller (#4)",to-read,,,,0,0
54860614,Ariadne,Jennifer Saint,"Saint, Jennifer",,"=""125077358X""","=""9781250773586""",0,3.80,Flatiron Books,Hardcover,308,2021,2021,,2022/05/08,"to-read, fantasy","to-read (#3), fantasy (#20)",to-read,,,,0,0
58725016,Elektra,Jennifer Saint,"Saint, Jennifer",,"=""125077361X""","=""9781250773616""",0,3.69,Flatiron Books,Hardcover,291,2022,2022,,2022/05/08,"to-read, fantasy","to-read (#4), fantasy (#19)",to-read,,,,0,0
28677382,Mr. Mercedes,Stephen King,"King, Stephen",,"=""8490627665""","=""""",0,4.02,DeBolsillo,Perfect Paperback,496,2015,2014,,2022/05/08,"to-read, thriller","to-read (#6), thriller (#3)",to-read,,,,0,0
195466446,La asistenta,Freida McFadden,"McFadden, Freida",Carlos Abreu Fetter,"=""""","=""""",0,4.33,SUMA,Kindle Edition,354,2023,2022,,2024/04/24,"thriller, to-read","thriller (#1), to-read (#101)",to-read,,,,0,0
206801598,El secreto de la asistenta (La asistenta #2),Freida McFadden,"McFadden, Freida",Carlos Abreu Fetter,"=""8419835730""","=""9788419835734""",0,4.26,SUMA,Paperback,336,2024,2023,,2024/04/24,"thriller, to-read","thriller (#2), to-read (#100)",to-read,,,,0,0
21787,The Princess Bride,William Goldman,"Goldman, William",,"=""0345418263""","=""9780345418265""",0,4.27,Ballantine Books,Paperback,429,2003,1973,,2024/04/24,"fantasy, to-read","fantasy (#5), to-read (#99)",to-read,,,,0,0
55399,"Gardens of the Moon (Malazan Book of the Fallen, #1)",Steven Erikson,"Erikson, Steven",,"=""0765348780""","=""9780765348784""",0,3.92,Tor Books,Mass Market Paperback,666,2005,1999,,2024/04/24,"fantasy, to-read","fantasy (#4), to-read (#98)",to-read,,,,0,0
77197,"Assassin's Apprentice (Farseer Trilogy, #1)",Robin Hobb,"Hobb, Robin",,"=""055357339X""","=""9780553573398""",0,4.18,Spectra Books,Mass Market Paperback,435,1996,1995,,2024/04/24,"fantasy, to-read","fantasy (#3), to-read (#97)",to-read,,,,0,0
18116,His Dark Materials (His Dark Materials #1-3),Philip Pullman,"Pullman, Philip",,"=""0440238609""","=""9780440238607""",0,4.29,Laurel Leaf,Mass Market Paperback,1088,2003,2000,,2024/04/24,"fantasy, to-read","fantasy (#2), to-read (#96)",to-read,,,,0,0
13496,"A Game of Thrones (A Song of Ice and Fire, #1)",George R.R. Martin,"Martin, George R.R.",,"=""0553588486""","=""9780553588484""",0,4.44,Bantam,Mass Market Paperback,835,2005,1996,,2024/04/24,"fantasy, to-read","fantasy (#1), to-read (#95)",to-read,,,,0,0
256683,"City of Bones (The Mortal Instruments, #1)",Cassandra Clare,"Clare, Cassandra",,"=""1416914285""","=""9781416914280""",0,4.07,Margaret K. McElderry Books,Hardcover,485,2007,2007,,2024/04/24,"fantasy, to-read","fantasy (#14), to-read (#94)",to-read,,,,0,0
6342491,"The Demon King (Seven Realms, #1)",Cinda Williams Chima,"Chima, Cinda Williams","Larry Rostant, Arianne Lewin","=""1423118235""","=""9781423118237""",0,4.16,Hyperion Books,Hardcover,506,2009,2009,,2024/04/24,"fantasy, to-read","fantasy (#15), to-read (#93)",to-read,,,,1,0
13104080,"Unravel Me (Shatter Me, #2)",Tahereh Mafi,"Mafi, Tahereh",,"=""0062085530""","=""9780062085535""",0,4.14,HarperCollins ,Hardcover,461,2013,2013,,2024/04/24,"fantasy, to-read","fantasy (#18), to-read (#92)",to-read,,,,0,0
23437156,"Six of Crows (Six of Crows, #1)",Leigh Bardugo,"Bardugo, Leigh",,"=""""","=""""",0,4.49,Henry Holt & Company,Hardcover,465,2015,2015,,2024/03/10,"to-read, fantasy","to-read (#80), fantasy (#17)",to-read,,,,0,0
18693743,"Prince of Fools (The Red Queen's War, #1)",Mark  Lawrence,"Lawrence, Mark",,"=""0425268780""","=""9780425268780""",0,4.06,Ace,Hardcover,355,2014,2014,,2024/04/24,fantasy,fantasy (#16),read,,,,0,0
7896527,"Throne of Glass (Throne of Glass, #1)",Sarah J. Maas,"Maas, Sarah J.",,"=""""","=""""",5,4.18,Bloomsbury USA Children's,Hardcover,406,2012,2012,,2024/04/24,,,read,,,,1,0
597790,The Children of Húrin,J.R.R. Tolkien,"Tolkien, J.R.R.","Christopher Tolkien, Alan  Lee","=""0007246226""","=""9780007246229""",0,4.03,HarperCollins,Hardcover,315,2007,2007,,2024/04/24,fantasy,fantasy (#13),read,,,,0,0
210329,"The Dark Is Rising (The Dark is Rising, #2)",Susan Cooper,"Cooper, Susan",,"=""1416949658""","=""9781416949657""",0,4.04,Margaret K. McElderry ,Paperback,244,2007,1973,,2024/04/24,fantasy,fantasy (#12),read,,,,0,0
6294,"Howl’s Moving Castle (Howl’s Moving Castle, #1)",Diana Wynne Jones,"Jones, Diana Wynne",,"=""006441034X""","=""9780064410342""",0,4.29,Harper Trophy,Mass Market Paperback,329,2001,1986,,2023/10/29,"to-read, fantasy","to-read (#23), fantasy (#11)",to-read,,,,0,0
478894,"The Sword of Shannara Trilogy (Shannara, #1-3)",Terry Brooks,"Brooks, Terry",,"=""0345453751""","=""9780345453754""",0,3.97,Del Rey,Hardcover,1200,2002,1979,,2024/04/24,fantasy,fantasy (#10),read,,,,0,0
91981,"The Dragonbone Chair (Memory, Sorrow, and Thorn, #1)",Tad Williams,"Williams, Tad",,"=""0756402697""","=""9780756402693""",0,3.97,DAW,Paperback,672,2005,1988,,2024/04/24,fantasy,fantasy (#9),read,,,,0,0
29396,"Furies of Calderon (Codex Alera, #1)",Jim Butcher,"Butcher, Jim",,"=""044101268X""","=""9780441012688""",0,4.13,Ace,Paperback,688,2005,2004,,2024/04/24,fantasy,fantasy (#8),read,,,,0,0
12067,"Good Omens: The Nice and Accurate Prophecies of Agnes Nutter, Witch",Terry Pratchett,"Pratchett, Terry",Neil Gaiman,"=""""","=""""",0,4.26,William Morrow,Mass Market Paperback,491,2006,1990,,2024/04/24,fantasy,fantasy (#7),read,,,,0,0
9579634,"Prince of Thorns (The Broken Empire, #1)",Mark  Lawrence,"Lawrence, Mark",,"=""0007423292""","=""9780007423293""",0,3.84,Voyager,Hardcover,373,2011,2011,,2024/04/24,fantasy,fantasy (#6),read,,,,0,0
58340706,"One Dark Window (The Shepherd King, #1)",Rachel Gillig,"Gillig, Rachel",,"=""0316312487""","=""9780316312486""",5,4.31,Orbit,Paperback,399,2022,2022,2024/04/22,2024/01/25,,,read,,,,1,0
123726608,"Unas galletas de muerte (Asesinato recién horneado, #1)",Joanne Fluke,"Fluke, Joanne",Vicente Campos,"=""8418933615""","=""9788418933615""",4,3.69,Alma,Paperback,370,2023,2000,2024/04/21,2024/03/13,,,read,,,,1,0
63245494,Fabricante de lágrimas,Erin Doom,"Doom, Erin",,"=""8419241520""","=""9788419241528""",3,3.70,MONTENA,Kindle Edition,770,2023,2020,2024/04/17,2024/04/08,,,read,,,,1,0
41484859,"El cuarto mono (4MK Thriller, #1)",J.D. Barker,"Barker, J.D.",,"=""6070751574""","=""9786070751578""",5,4.26,Planeta Publishing,Paperback,560,2018,2017,2024/04/08,2024/04/08,,,read,,,,1,0
123201433,"A Demon's Guide to Wooing a Witch (Glimmer Falls, #2)",Sarah  Hawley,"Hawley, Sarah",,"=""0593547942""","=""9780593547946""",3,3.81,Berkley,Paperback,432,2023,2023,2024/04/03,2024/04/01,,,read,,,,1,0
59441717,"A Witch's Guide to Fake Dating a Demon (Glimmer Falls, #1)",Sarah  Hawley,"Hawley, Sarah",,"=""0593547926""","=""9780593547922""",4,3.66,Berkley,Paperback,367,2023,2023,2024/03/31,2024/03/24,,,read,,,,1,0
25686563,"Palabras radiantes (El archivo de las tormentas, #2)",Brandon Sanderson,"Sanderson, Brandon",Rafael Marín Trechera,"=""8466657541""","=""9788466657549""",5,4.76,Nova,Hardcover,1248,2015,2014,2024/03/21,2024/03/18,,,read,,,,1,0
25686515,"El camino de los reyes (El archivo de las tormentas, #1)",Brandon Sanderson,"Sanderson, Brandon",Rafael Marín Trechera,"=""""","=""9788466657662""",4,4.66,Nova Ciencia Ficción (Ediciones B),Hardcover,1196,2019,2010,2024/03/15,2023/10/29,,,read,,,,1,0
60217302,"Twisted Lies (Twisted, #4)",Ana Huang,"Huang, Ana",,"=""""","=""""",0,4.22,,Kindle Edition,530,2022,2022,,2024/03/13,currently-reading,currently-reading (#6),currently-reading,,,,1,0
199862349,"Ruthless Vows (Letters of Enchantment, #2)",Rebecca   Ross,"Ross, Rebecca",,"=""0008588228""","=""9780008588229""",4,4.12,Magpie,Hardcover,420,2024,2023,2024/03/11,2024/03/07,,,read,,,,1,0
62796217,"Divine Rivals (Letters of Enchantment, #1)",Rebecca   Ross,"Ross, Rebecca",,"=""0008588155""","=""9780008588151""",5,4.22,HarperCollins Publishers,Hardcover,368,2023,2023,2024/03/09,2024/01/02,,,read,,,,1,0
3421809,Tokio Blues / Norwegian Wood,Haruki Murakami,"Murakami, Haruki",Lourdes Porta Fuentes,"=""8483835045""","=""9788483835043""",4,4.01,Tusquets Editores S.A.,Mass Market Paperback,384,2007,1987,2024/03/07,2024/03/04,,,read,,,,1,0
61668207,"The Last Dragon King (Kings of Avalier, #1)",Leia Stone,"Stone, Leia",,"=""""","=""""",0,3.73,,Kindle Edition,358,2022,2022,,2024/03/06,"to-read, fisico, fantasy","to-read (#70), fisico (#5), fantasy (#44)",to-read,,,,0,0
201558834,Un pétalo de sangre y cristal,Sarah A. Parker,"Parker, Sarah A.",Xavier Beltrán Palomino,"=""8401032032""","=""9788401032035""",1,3.78,Plaza & Janés,Paperback,432,2024,,2024/02/29,2024/02/24,,,read,No podia ser más aburrido,,,1,0
60683957,Check & Mate,Ali Hazelwood,"Hazelwood, Ali",,"=""0593619919""","=""9780593619919""",5,4.00,G.P. Putnam's Sons Books for Young Readers,Paperback,352,2023,2023,2024/02/29,2024/01/02,,,read,,,,1,0
40264536,Matar un reino,Alexandra Christo,"Christo, Alexandra",Marcelo Andrés Manuel Bellon,"=""6075276130""","=""9786075276137""",5,3.74,Océano Gran Travesía México,Paperback,404,2018,2018,2024/02/26,2024/02/26,,,read,,,,1,0
181350812,Bride,Ali Hazelwood,"Hazelwood, Ali",,"=""0593550404""","=""9780593550403""",3,4.09,Berkley,Paperback,416,2024,2024,2024/02/24,2024/02/06,,,read,,,,1,0
75509306,Trenza del mar Esmeralda,Brandon Sanderson,"Sanderson, Brandon","Manu Viciano, Howard Lyon","=""8418037814""","=""9788418037818""",4,4.42,Nova CF,Hardcover,560,2023,2023,2024/02/22,2024/01/26,,,read,,,,1,0
6875163,"Traición (Los feos, #1)",Scott Westerfeld,"Westerfeld, Scott",Nieves Nueno Cobas,"=""9509080683""","=""9789509080683""",0,3.85,Montena,Paperback,437,2008,2005,,2024/02/19,currently-reading,currently-reading (#5),currently-reading,,,,1,0
60531416,Yumi and the Nightmare Painter,Brandon Sanderson,"Sanderson, Brandon",Aliya Chen,"=""1938570375""","=""9781938570377""",5,4.49,Dragonsteel Entertainment,Hardcover,480,2023,2023,2024/02/16,2024/01/25,,,read,,,,1,0
126062562,"The Assassin's Blade (Throne of Glass, #0.1-0.5)",Sarah J. Maas,"Maas, Sarah J.",,"=""1619632217""","=""9781619632219""",0,4.24,Bloomsbury Children’s Books,ebook,451,2023,2014,,2024/02/14,currently-reading,currently-reading (#4),currently-reading,,,,1,0
52619546,La paciente silenciosa,Alex Michaelides,"Michaelides, Alex",,"=""8420435511""","=""""",5,4.18,Alfaguara,Kindle Edition,384,2019,2018,2024/02/12,2024/01/16,,,read,,,,1,0
62898116,"Volver a empezar (It Ends with Us, #2)",Colleen Hoover,"Hoover, Colleen",Lara Agnelli,"=""8408267191""","=""9788408267195""",3,3.87,Planeta,Paperback,384,2023,2022,2024/02/12,2024/02/11,,,read,,,,1,0
27362503,"It Ends with Us (It Ends with Us, #1)",Colleen Hoover,"Hoover, Colleen",,"=""""","=""""",5,4.16,Atria Books,Kindle Edition,386,2016,2016,2024/02/11,2024/02/10,,,read,,,,1,0
44074800,The Southern Book Club's Guide to Slaying Vampires,Grady Hendrix,"Hendrix, Grady",,"=""""","=""""",5,3.80,Quirk Books,Kindle Edition,410,2020,2020,2024/02/10,2024/02/07,,,read,,,,1,0
43798285,The Institute,Stephen King,"King, Stephen",,"=""""","=""""",0,4.20,Scribner,Hardcover,561,2019,2019,,2024/02/10,,,read,,,,1,0
33124137,Pet Sematary,Stephen King,"King, Stephen",,"=""""","=""""",0,4.06,Scribner,Kindle Edition,580,2014,1983,,2024/02/10,,,read,,,,1,0
11588,"The Shining (The Shining, #1)",Stephen King,"King, Stephen",,"=""0450040186""","=""9780450040184""",0,4.27,New English Library (Hodder & Stoughton) ,Paperback,497,1980,1977,,2024/02/10,,,read,,,,1,0
203294582,"La maldición del amor verdadero (Érase una vez un corazón roto, #3)",Stephanie Garber,"Garber, Stephanie",,"=""8419252492""","=""9788419252494""",4,4.12,Puck,Paperback,384,2024,2023,2024/02/10,2024/02/09,,,read,,,,1,0
69352869,"La balada de Nunca Jamás (Érase una vez un corazón roto, #2)",Stephanie Garber,"Garber, Stephanie",,"=""8417854924""","=""9788417854928""",5,4.53,Puck,Paperback,416,2023,2022,2024/02/09,2024/01/02,,,read,,,,1,0
60182135,"Érase una vez un corazón roto (Érase una vez un corazón roto, #1)",Stephanie Garber,"Garber, Stephanie",,"=""8417854444""","=""9788417854447""",5,4.07,Puck,Paperback,416,2022,2021,2024/02/07,2023/12/22,,,read,,,,1,0
52857700,"House of Flame and Shadow (Crescent City, #3)",Sarah J. Maas,"Maas, Sarah J.",,"=""1681193094""","=""9781681193090""",0,4.22,Bloomsbury Publishing,ebook,835,2024,2024,,2024/01/06,currently-reading,currently-reading (#3),currently-reading,,,,1,0
40132775,"House of Sky and Breath (Crescent City, #2)",Sarah J. Maas,"Maas, Sarah J.",,"=""1408884429""","=""9781408884423""",4,4.50,Bloomsbury Publishing,Hardcover,805,2022,2022,2024/02/05,2024/01/31,,,read,,,,1,0
44778083,"House of Earth and Blood (Crescent City, #1)",Sarah J. Maas,"Maas, Sarah J.",,"=""1635574048""","=""9781635574043""",4,4.49,Bloomsbury Publishing,Hardcover,803,2020,2020,2024/01/30,2023/10/29,,,read,Me ha gustado mucho ,,,1,0
62365891,"Unfortunately Yours  (A Vine Mess, #2)",Tessa Bailey,"Bailey, Tessa",,"=""0063239035""","=""9780063239036""",1,3.82,Avon,Paperback,384,2023,2023,2024/01/26,2024/01/24,,,read,,,,1,0
58966280,The Mist,Stephen King,"King, Stephen",,"=""1529379318""","=""9781529379310""",4,3.94,Hodder & Stoughton,Paperback,181,2021,1980,2024/01/25,2024/01/23,,,read,,,,1,0
62047984,Yellowface,R.F. Kuang,"Kuang, R.F.",,"=""""","=""""",0,3.79,William Morrow,Hardcover,336,2023,2023,,2024/01/23,"to-read, thriller","to-read (#32), thriller (#21)",to-read,,,,0,0
60114057,"The American Roommate Experiment (Spanish Love Deception, #2)",Elena  Armas,"Armas, Elena",,"=""1668002779""","=""9781668002773""",3,3.83,Atria Books,Paperback,400,2022,2022,2024/01/23,2024/01/21,,,read,,,,2,0
179469754,"Reino de Cenizas (Trono de Cristal, #7)",Sarah J. Maas,"Maas, Sarah J.",Guiomar Manso,"=""841835934X""","=""9788418359347""",5,4.69,Hidra,Paperback,992,2023,2018,2024/01/21,2024/01/16,,,read,,,,1,0
36478784,The Flatshare,Beth O'Leary,"O'Leary, Beth",,"=""1787474402""","=""9781787474406""",3,4.01,Quercus,Hardcover,394,2019,2019,2024/01/17,2024/01/16,,,read,,,,1,0
18307488,Marina,Carlos Ruiz Zafón,"Zafón, Carlos Ruiz",,"=""8408004344""","=""9788408004349""",0,4.12,Booket,Paperback,290,2013,1999,,2022/05/08,fav,fav (#1),read,,,,1,0
42417537,"Torre del alba (Trono de Cristal, #6)",Sarah J. Maas,"Maas, Sarah J.",,"=""6073174284""","=""""",5,4.27,Alfaguara México,Kindle Edition,717,2018,2017,2024/01/15,2024/01/10,,,read,,,,1,0
61335357,Imperio de tormentas (Trono de cristal #5),Sarah J. Maas,"Maas, Sarah J.",Guiomar Manso de Zúñiga,"=""8418359323""","=""9788418359323""",5,4.62,Hidra,Paperback,765,2022,2016,2024/01/14,2024/01/09,,,read,Emotional damage,,,1,0
193810053,"Alas de sangre (Empíreo, #1)",Rebecca Yarros,"Yarros, Rebecca",Graciela Romero Saldaña,"=""8408279998""","=""9788408279990""",4,4.59,Planeta,Hardcover,730,2023,2023,2024/01/08,2023/10/29,,,read,,,,1,0
55189728,"Los hijos del rey  (Asesino de brujas, #2)",Shelby Mahurin,"Mahurin, Shelby",Estíbaliz Montero Iniesta,"=""8417854126""","=""9788417854126""",0,3.53,Puck,Paperback,512,2021,2020,,2024/01/01,currently-reading,currently-reading (#2),currently-reading,,,,1,0
28194,"Inkheart (Inkworld, #1)",Cornelia Funke,"Funke, Cornelia",Anthea Bell,"=""0439709105""","=""9780439709101""",0,3.92,Scholastic Paperbacks,Paperback,563,2005,2003,,2024/01/01,currently-reading,currently-reading (#1),currently-reading,,,,1,0
61767292,"Icebreaker (UCMH, #1)",Hannah  Grace,"Grace, Hannah",,"=""""","=""""",0,3.88,Pig & Bear Publishing,Kindle Edition,435,2022,2022,,2023/09/24,,,read,,,,1,0
68429,"The Well of Ascension (Mistborn, #2)",Brandon Sanderson,"Sanderson, Brandon",,"=""0765316889""","=""9780765316882""",0,4.38,Tor Books,Hardcover,590,2007,2007,,2022/07/08,,,read,,,,1,0
53131744,"La bruja blanca (Asesino de brujas, #1)",Shelby Mahurin,"Mahurin, Shelby",,"=""""","=""9788417780708""",5,3.99,Puck,ebook,482,2020,2019,2023/12/28,2023/12/25,,,read,,,,1,0
40381392,"Finale (Caraval, #3)",Stephanie Garber,"Garber, Stephanie",,"=""1250157668""","=""9781250157669""",4,4.18,Flatiron Books,Hardcover,478,2019,2019,2023/12/25,2023/12/22,,,read,,,,1,0
36329818,"Legendary (Caraval, #2)",Stephanie Garber,"Garber, Stephanie",,"=""125009531X""","=""9781250095312""",0,4.16,Flatiron Books,Hardcover,451,2018,2018,,2023/12/22,,,read,,,,1,0
27883214,"Caraval (Caraval, #1)",Stephanie Garber,"Garber, Stephanie",,"=""1250095255""","=""9781250095251""",0,3.99,Flatiron Books,Hardcover,407,2017,2016,,2023/10/29,,,read,,,,1,0
59344312,Verity,Colleen Hoover,"Hoover, Colleen",,"=""153872474X""","=""9781538724743""",5,4.32,Grand Central Publishing,ebook,336,2021,2018,2023/12/13,2023/11/29,,,read,,,,1,0
53138095,"A ​Court of Silver Flames (A Court of Thorns and Roses, #4)",Sarah J. Maas,"Maas, Sarah J.",,"=""168119628X""","=""9781681196282""",0,4.47,Bloomsbury Publishing,Hardcover,757,2021,2021,,2023/09/13,,,read,,,,1,0
1099263,"Tríada (Memorias de Idhún, #2)",Laura Gallego,"Gallego, Laura",,"=""8467505591""","=""9788467505597""",0,4.14,SM,Hardcover,766,2006,2006,,2023/10/29,,,read,,,,1,0
9905729,"Padre rico, padre pobre",Robert T. Kiyosaki,"Kiyosaki, Robert T.",Sharon L. Lechter,"=""987578124X""","=""9789875781245""",0,4.12,SANTILLANA,Paperback,278,2012,1997,,2023/01/23,,,read,,,,1,0
50659471,"A Court of Frost and Starlight (A Court of Thorns and Roses, #3.5)",Sarah J. Maas,"Maas, Sarah J.",,"=""1635575621""","=""9781635575620""",0,3.77,Bloomsbury Publishing,Paperback,232,2020,2018,,2023/09/13,,,read,,,,1,0
16130549,"Doctor Sleep (The Shining, #2)",Stephen King,"King, Stephen",,"=""1476727651""","=""9781476727653""",0,4.13,Scribner,Hardcover,531,2013,2013,,2022/05/08,,,read,,,,1,0
8173717,La cúpula,Stephen King,"King, Stephen","Roberto Falcó Miramontes, Laura Manero","=""8401337526""","=""9788401337529""",0,3.92,Plaza & Janés,Hardcover,1136,2010,2009,,2022/05/08,,,read,,,,1,0
28787203,Ikigai: Los secretos de Japón para una vida larga y feliz,Héctor  García,"García, Héctor",Francesc Miralles,"=""""","=""""",0,3.74,Urano,Paperback,192,2016,2016,,2021/01/21,,,read,,,,1,0
59571699,Love on the Brain,Ali Hazelwood,"Hazelwood, Ali",,"=""1408725789""","=""""",0,3.92,Sphere,Kindle Edition,368,2022,2022,,2023/10/29,,,read,,,,1,0
32620332,The Seven Husbands of Evelyn Hugo,Taylor Jenkins Reid,"Reid, Taylor Jenkins",,"=""1501139231""","=""9781501139239""",0,4.42,Atria Books,Hardcover,389,2017,2017,,2023/10/29,,,read,,,,1,0
42201431,"The Unhoneymooners (Unhoneymooners, #1)",Christina Lauren,"Lauren, Christina",,"=""""","=""""",0,3.92,Gallery Books,Paperback,432,2019,2019,,2023/10/29,,,read,,,,1,0
50659472,"A Court of Wings and Ruin (A Court of Thorns and Roses, #3)",Sarah J. Maas,"Maas, Sarah J.",,"=""1635575605""","=""9781635575606""",0,4.48,Bloomsbury Publishing,Paperback,703,2020,2017,2023/10/29,2023/09/13,,,read,,,,1,0
68428,"The Final Empire (Mistborn, #1)",Brandon Sanderson,"Sanderson, Brandon",,"=""""","=""9780765311788""",0,4.48,Tor Books,Hardcover,541,2006,2006,,2022/07/08,,,read,,,,1,0
1099262,"La resistencia (Memorias de Idhún, #1)",Laura Gallego,"Gallego, Laura",,"=""846750269X""","=""9788467502695""",0,4.14,SM,Hardcover,558,2004,2004,,2023/10/29,,,read,,,,1,0
28257707,The Subtle Art of Not Giving a F*ck: A Counterintuitive Approach to Living a Good Life,Mark Manson,"Manson, Mark",,"=""""","=""""",0,3.89,Harper,Paperback,212,2016,2016,,2021/01/21,,,read,,,,1,0
26032825,"The Cruel Prince (The Folk of the Air, #1)",Holly Black,"Black, Holly",,"=""""","=""""",0,4.05,"Little, Brown Books for Young Readers",Hardcover,370,2018,2018,,2023/09/24,,,read,,,,1,0
26032912,"The Queen of Nothing (The Folk of the Air, #3)",Holly Black,"Black, Holly",,"=""0316310409""","=""9780316310406""",0,4.36,"Little, Brown",ebook,300,2019,2019,,2023/09/24,,,read,,,,1,0
26032887,"The Wicked King (The Folk of the Air, #2)",Holly Black,"Black, Holly",,"=""0316310336""","=""9780316310338""",0,4.30,"Little, Brown Books for Young Readers",ebook,336,2019,2019,,2023/09/24,,,read,,,,1,0
56732449,The Love Hypothesis,Ali Hazelwood,"Hazelwood, Ali",,"=""0593336828""","=""9780593336823""",0,4.15,Berkley Books,Paperback,383,2021,2021,,2023/09/24,,,read,,,,1,0
61326735,"Love, Theoretically",Ali Hazelwood,"Hazelwood, Ali",,"=""1408725797""","=""9781408725795""",0,4.12,Little Brown Books,Paperback,389,2023,2023,,2023/09/24,,,read,,,,1,0
50659468,"A Court of Mist and Fury (A Court of Thorns and Roses, #2)",Sarah J. Maas,"Maas, Sarah J.",,"=""1635575583""","=""9781635575583""",0,4.65,Bloomsbury Publishing,Paperback,626,2020,2016,,2023/09/13,,,read,,,,1,0
50659467,"A Court of Thorns and Roses (A Court of Thorns and Roses, #1)",Sarah J. Maas,"Maas, Sarah J.",,"=""""","=""""",0,4.20,Bloomsbury Publishing,Paperback,419,2020,2015,,2023/09/13,,,read,,,,1,0
40603783,The Defining Decade: Why Your Twenties Matter—And How to Make the Most of Them Now,Meg Jay,"Jay, Meg",,"=""""","=""""",5,4.11,Twelve,Kindle Edition,273,2012,2012,2022/05/15,2022/05/08,,,read,,,,1,0
41086877,Normal People,Sally Rooney,"Rooney, Sally",,"=""""","=""""",3,3.81,Faber & Faber,Paperback,266,2019,2018,2022/05/10,2022/05/08,,,read,,,,2,0
1089597,La sangre de los inocentes,Julia Navarro,"Navarro, Julia",,"=""0307391787""","=""9780307391780""",0,4.02,Plaza y Janes,Paperback,780,2007,2007,,2022/05/09,,,read,,,,1,0
18050082,"Dispara, yo ya estoy muerto",Julia Navarro,"Navarro, Julia",,"=""0345805267""","=""9780345805263""",0,4.35,Vintage Espanol,Paperback,912,2013,2013,,2022/05/09,,,read,,,,1,0
8062894,Dime quién soy,Julia Navarro,"Navarro, Julia",,"=""8401337550""","=""9788401337550""",0,4.38,Plaza & Janes Editores,Hardcover,1104,2010,2010,,2022/05/09,,,read,,,,1,0
40122864,Bellas durmientes,Stephen King,"King, Stephen","Owen King, Carlos Milla Soler","=""9569646454""","=""9789569646454""",0,3.73,Plaza & Janés,Paperback,765,2018,2017,,2022/05/08,,,read,,,,1,0
40121378,Atomic Habits: An Easy & Proven Way to Build Good Habits & Break Bad Ones,James Clear,"Clear, James",,"=""""","=""""",0,4.36,Avery,Kindle Edition,319,2018,2018,,2021/01/21,,,read,,,,1,0
23587931,NOT A BOOK,Blue Books,"Books, Blue",,"=""""","=""""",5,4.60,,Kindle Edition,9,2014,2014,,2021/01/21,,,read,,,,1,0
6186357,"The Maze Runner (The Maze Runner, #1)",James Dashner,"Dashner, James",,"=""0385737947""","=""9780385737944""",4,4.05,Delacorte Press,Hardcover,384,2009,2009,,2021/01/21,,,read,,,,1,0
11870085,The Fault in Our Stars,John Green,"Green, John",,"=""""","=""""",1,4.14,Dutton Books,Hardcover,313,2012,2012,,2021/01/21,,,read,,,,1,0
2767052,"The Hunger Games (The Hunger Games, #1)",Suzanne Collins,"Collins, Suzanne",,"=""0439023483""","=""9780439023481""",5,4.34,Scholastic Press,Hardcover,374,2008,2008,,2021/01/21,,,read,,,,1,0
48855,The Diary of a Young Girl,Anne Frank,"Frank, Anne","Eleanor Roosevelt, Susan Massotty, Γιάννης Θωμόπουλος, Barbara Mooyaart-Doubleday, Otto H. Frank, Mirjam Pressler","=""""","=""""",4,4.19,Bantam,Mass Market Paperback,283,1993,1947,,2021/01/21,,,read,,,,1,0
18144590,The Alchemist,Paulo Coelho,"Coelho, Paulo",,"=""0062315005""","=""9780062315007""",5,3.91,HarperOne,Paperback,182,2014,1988,,2021/01/21,,,read,,,,1,0
40961427,1984,George Orwell,"Orwell, George",,"=""""","=""""",4,4.19,Houghton Mifflin Harcourt,Kindle Edition,298,2013,1949,,2021/01/21,,,read,,,,1,0
36124936,The Outsider,Stephen King,"King, Stephen",,"=""1501180983""","=""9781501180989""",5,4.01,Scribner,Hardcover,561,2018,2018,,2021/01/21,,,read,,,,1,0
830502,It,Stephen King,"King, Stephen",,"=""0450411435""","=""9780450411434""",5,4.24,New English Library,Paperback,1168,1987,1986,,2021/01/21,,,read,,,,1,0
28187,"The Lightning Thief (Percy Jackson and the Olympians, #1)",Rick Riordan,"Riordan, Rick",,"=""""","=""""",5,4.31,Disney Hyperion Books,Paperback,377,2006,2005,,2021/01/21,,,read,,,,1,0
3,"Harry Potter and the Sorcerer's Stone (Harry Potter, #1)",J.K. Rowling,"Rowling, J.K.",,"=""""","=""""",3,4.47,Scholastic Inc,Hardcover,309,2003,1997,,2021/01/21,,,read,,,,1,0
186074,"The Name of the Wind (The Kingkiller Chronicle, #1)",Patrick Rothfuss,"Rothfuss, Patrick",,"=""075640407X""","=""9780756404079""",5,4.52,Penguin Group DAW,Hardcover,662,2007,2007,,2021/01/21,,,read,,,,1,0
